0.360407,0.01,0.02,0.03,-0.360407,-0.01,-0.02,-0.03,0.001,0.001,-0.001,-0.001,0.0,0.0,0.0,0.0,0.0,0.0,0.0,0.0,0.0,0.0,0.0,0.0,0.0,0.0,0.0,0.0,0.0,0.0,0.0,0.0,0.0,0.0,0.0,0.0,0
0.360407,0.009983014329674696,0.019999992427785437,0.029407412075686427,-0.36040250455846234,-0.010076381771601872,-0.020559085060280344,-0.030169763278113843,0.0009635435436071267,0.0006651514918686645,-0.0011528565854057443,-0.00042517939935797315,2.168404344971009e-19,-0.016985670325305267,-7.572214562601154e-06,-0.5925879243135715,0.004495441537632986,-0.07638177160187151,-0.5590850602803434,-0.16976327811384284,-0.03645645639287326,-0.3348485081313355,-0.15285658540574426,0.5748206006420269,-16.98243081263365,2.8889966133290286,407.4740045040485,161.1384413524152,16.525442968517538,-4.6254140419634915,-352.7565287099602,-257.00131439619327,4.639554037499734,1.3152321658079276,-1.9497060721023558,-3.4580990055387075,0.001
0.3602937508797698,0.003986287771373208,0.018201484397071296,0.027892788548764036,-0.36026207918649594,-0.004151799984503363,-0.019541835407667855,-0.029398259905795327,0.0006684552336387293,0.00046099246046952104,-0.0012081021100951352,-1.8537432484699694e-05,-0.11324912023022393,-5.9967265583014875,-1.7985080307141388,-1.5146235269223922,0.14042537196639437,5.924581787098509,1.017249652612489,0.7715033723185165,-0.2950883099683974,-0.2041590313991435,-0.05524552468939081,0.4066419668732735,1000.0,1000.0,1000.0,544.4529604470331,-1000.0,-1000.0,-1000.0,-611.2116156926545,-0.9061578336010383,0.7683541697089957,5.44219849474303,-5.1797967849912965,0.002
0.35934243257647014,-0.008257409605782156,0.01584552404136059,0.026625999025357148,-0.3592847912605518,0.008039919580096193,-0.017987759363787985,-0.02891653857656614,0.00042379016725033284,0.00030547409153911724,-0.001279990433186732,0.00035564356743096256,-0.9513183032996451,-12.243697377155364,-2.3559603557107085,-1.2667895234068887,0.9772879259441454,12.191719564599554,1.5540760438798706,0.4817213292291882,-0.24466506638839647,-0.15551836893040383,-0.07188832309159682,0.3741809999156622,1000.0,1000.0,1000.0,558.9498935587148,-1000.0,-1000.0,-1000.0,-540.3856093065974,-1.895378212801539,0.8321040447346316,5.762704217303912,-9.036325353970938,0.003
0.3575831723985771,-0.02670322496642346,0.012918492915317983,0.025571523338868113,-0.3575007651707491,0.026444198549183374,-0.015951511258992,-0.02876715050896299,0.00022649832411217454,0.00018502685212685435,-0.0013345892807036974,0.000665092684608034,-1.7592601778930217,-18.4458153606413,-2.927031126042605,-1.0544756864890354,1.7840260898027118,18.40427896908718,2.036248104795984,0.1493880676031502,-0.19729184313815828,-0.12044723941226287,-0.05459884751696542,0.30944911717707146,1000.0,1000.0,1000.0,592.8794482268088,-1000.0,-1000.0,-1000.0,-500.2036057101018,-1.5439698048568202,1.2946326266056272,6.1447785690708105,-9.707893471022572,0.004
0.35506491618576685,-0.05131475738236038,0.00942214874523048,0.024696189438980033,-0.35495863061437316,0.051018588640846296,-0.013410901391971156,-0.028879801386628337,7.105827091711151e-05,9.040102449585354e-05,-0.0013745217033423792,0.0009200222668992681,-2.518256212810276,-24.61153241593692,-3.4963441700875038,-0.87533389988808,2.5421345563759266,24.57439009166292,2.5406098670208426,-0.1126508776653452,-0.15544005319506304,-0.0946258276310008,-0.039932422638681686,0.2549295822912341,1000.0,1000.0,1000.0,615.0161123191123,-1000.0,-1000.0,-1000.0,-477.07751948162866,2.7696190521658957,1.7363817526224863,6.269008497490476,-9.749277752831789,0.005
0.35185367332255224,-0.08206012155916471,0.005371442345604066,0.023971036530000992,-0.3517234843162641,0.08172473392570428,-0.01036424973680331,-0.029199281701709223,-4.878390077453096e-05,1.5253859466383152e-05,-0.0014022198696398056,0.0011293086495722633,-3.2112428632146104,-30.745364176804337,-4.050706399626414,-0.7251529089790409,3.235146298109065,30.706145284857993,3.046651655167846,-0.3194803150808845,-0.11984217169164246,-0.07514716502947039,-0.027698166297426496,0.20928638267299515,1000.0,1000.0,1000.0,611.825269729829,-1000.0,-1000.0,-1000.0,-447.4337275079394,2.3735563879571124,1.8423077305511166,6.251107748254586,-9.409950225721692,0.006
0.3480303283555622,-0.11890962073587508,0.0007900339177161044,0.023370950814745904,-0.3478747312177741,0.11852652970021121,-0.006823527996286594,-0.02968215775240615,-0.00013898165270045146,-4.5046867772957396e-05,-0.0014198483333961866,0.0013006158005413073,-3.8233449669900494,-36.84949917671035,-4.581408427887961,-0.6000857152550871,3.8487530984899916,36.80179577450693,3.540721740516716,-0.48287605069692674,-0.0901977519259205,-0.060300727239340546,-0.017628463756381052,0.17130715096904403,1000.0,1000.0,1000.0,590.8962776116613,-1000.0,-1000.0,-1000.0,-406.79109378727065,2.736871539527088,1.8165837964579952,6.08553198088789,-8.82208912768063,0.007
0.34368838487258235,-0.16183399603173013,-0.00429454081355041,0.02287482618106679,-0.34350389367479145,0.16138854695201643,-0.002807685504426751,-0.030294383085586584,-0.00020485515935398998,-9.389979857281426e-05,-0.0014292810135332393,0.001440539861266173,-4.341943482979833,-42.92437529585504,-5.084574731266514,-0.49612463367911275,4.370837542982674,42.86201725180521,4.015842491859843,-0.6122253331804366,-0.06587350665353853,-0.048852930799856864,-0.009432680137052785,0.13992406072486574,1000.0,1000.0,1000.0,555.6650369850278,-1000.0,-1000.0,-1000.0,-351.7945516446967,4.189331874525326,1.6974161497536082,5.736001521927325,-8.027502891040669,0.008
0.33893183042227704,-0.2108044642435899,-0.009861408108761663,0.022458195735990248,-0.33871260488621235,0.21027524039509954,0.00166523497309323,-0.031006938677887477,-0.00024983925825442573,-0.00013603577550060628,-0.0014319322881339478,0.0015545923468983378,-4.7565544503052894,-48.97046821185976,-5.566867295211253,-0.41663044507654234,4.7912887885790685,48.88669344308312,4.472920477519981,-0.712555592300891,-0.044984098900435754,-0.04213597692779203,-0.0026512746007085752,0.11405248563216475,1000.0,1000.0,1000.0,634.7896926992034,-1000.0,-1000.0,-1000.0,-312.50324464749167,12.500997041166265,2.368654323975975,4.850652729142615,-6.475251034369668,0.009000000000000001
0.3348262852346875,-0.2653891784178941,-0.016140323149561098,0.02210637571490222,-0.3346456150265486,0.26471639493386134,0.006847340851750576,-0.03179130323824487,-0.0002774204595070559,-0.00017356216382077315,-0.0014288745537860852,0.0016471790473665125,-4.105545187589567,-54.58471417430422,-6.278915040799436,-0.3518200210880309,4.066989859663766,54.44115453876179,5.182105878657346,-0.784364560357389,-0.027581201252630194,-0.03752638832016686,0.0030577343478626062,0.09258670046817485,1000.0,1000.0,1000.0,735.6640204484884,-1000.0,-1000.0,-1000.0,-423.46928872059317,14.009183156789586,2.7417060705102565,2.804744715620394,-4.211145150222573,0.010000000000000002
0.3328421736888074,-0.3250589022181692,-0.023509876378708702,0.021878410649485883,-0.3326718380186503,0.3242472451889887,0.013118163287704255,-0.03264190656049417,-0.00022999248343093386,-0.00022726088609302652,-0.0014223697903621376,0.0017232161728846537,-1.984111545880097,-59.66972380027507,-7.369553229147606,-0.22796506541633477,1.973777007898323,59.53085025512731,6.270822435953679,-0.8506033222492988,0.047427976076122036,-0.05369872227225336,0.006504763423947679,0.07603712551814112,1000.0,1000.0,1000.0,672.864033348406,-1000.0,-1000.0,-1000.0,-424.45014941285604,16.701042573725257,2.23490627840102,4.172763796806915,-2.6978191041443083,0.011000000000000003
0.3328421736888074,-0.3844764157280498,-0.032141661203237595,0.02174074566988691,-0.33267061066107545,0.38385253061333346,0.02048919780365557,-0.033559513389848986,-0.00017544828394646587,-0.00026597493915470836,-0.0014117958159104637,0.0017850473837353095,0.0,-59.417513509880635,-8.631784824528896,-0.1376649795989735,0.0012273575748547594,59.605285424344814,7.371034515951315,-0.9176068293548134,0.05454419948446798,-0.03871405306168185,0.010573974451673962,0.06183121085065579,-12.236883081362503,1000.0,1000.0,421.4415669736546,-80.18702161419239,-1000.0,-1000.0,-248.08365245823336,15.758624910974786,0.6958067091301497,4.876310628451459,-0.8964048935449567,0.012000000000000004
0.33456749231930444,-0.439646209271528,-0.04208611836672691,0.021678145449004385,-0.3343195046582808,0.4392369897647775,0.028932105257359654,-0.034538888310795025,-0.00011594907070535513,-0.0002926577671574246,-0.001395989925115669,0.0018334409292490848,1.7253186304970363,-55.16979354347817,-9.944457163489316,-0.06260022088252182,-1.648893997205385,55.384459151444005,8.442907453704084,-0.9793749209460412,0.05949921324111074,-0.026682828002716263,0.015805890794794664,0.04839354551377539,-1000.0,1000.0,1000.0,182.95755090094394,1000.0,-1000.0,-1000.0,-27.600875211607644,16.506530592435436,-0.6296247882710844,5.476553002338708,1.2401838740803626,0.013000000000000005
0.33817789561836037,-0.48988403783635504,-0.05360391281962471,0.021674292106961722,-0.33774974882857967,0.4894081445370901,0.038551591306354174,-0.03556383943710543,-5.306773438333337e-05,-0.0003105953537528438,-0.00137486858066161,0.0018695864273091077,3.6104032990559487,-50.23782856482705,-11.5177944528978,-0.0038533420426638543,-3.430244170298872,50.171154772312605,9.619486048994524,-1.0249511263104054,0.06288133632202175,-0.01793758659541922,0.021121344454059,0.036145498060022874,-1000.0,1000.0,1000.0,5.3843773262011725,1000.0,-1000.0,-1000.0,113.55219416972082,15.528411835873179,-1.5998637805042888,5.8383469030629795,2.2739282484533914,0.014000000000000005
0.34381367798522094,-0.5345685042543837,-0.06694183274809173,0.021715067205891843,-0.3430636991985712,0.533740744656235,0.04951853562339332,-0.03662395850166293,1.2066898774207717e-05,-0.00032265823575595813,-0.0013492351480842164,0.0018950687680535966,5.635782366860569,-44.68446641802866,-13.337919928467018,0.040775098930119213,-5.313950369991572,44.33260011914497,10.966944317039143,-1.0601190645575045,0.06513463315754109,-0.012062882003114339,0.025633432577393478,0.02548234074448885,-1000.0,1000.0,1000.0,-102.25971511681419,1000.0,-1000.0,-1000.0,221.53153503374924,14.094747798937156,-2.14694205782579,6.160040999136626,2.10958297405113,0.015000000000000006
0.35157386264677076,-0.5735549135715875,-0.08230998879285972,0.02178943072272228,-0.3503249963375473,0.5720563555565235,0.061980152453431754,-0.037708134618383446,7.84714049926832e-05,-0.000330992294961393,-0.0013201533109470892,0.001911518345977561,7.760184661549809,-38.98640931720374,-15.368156044767984,0.07436351683043796,-7.261297138976088,38.31561090028851,12.461616830038437,-1.0841761167205135,0.06640450621847549,-0.00833405920543484,0.02908183713712731,0.016449577923964398,-1000.0,1000.0,1000.0,-163.7129705145287,1000.0,-1000.0,-1000.0,282.5191733958783,12.24775715703314,-2.3957303124526663,6.525293671555368,1.8506664885926254,0.016000000000000007
0.3616063777272731,-0.6098372435295562,-0.10274896191277051,0.021910090602943518,-0.3595581586923204,0.6046410392847169,0.07603569195409661,-0.038805426899495524,0.00014345179249237091,-0.00033193755731708726,-0.0012888259705601233,0.00192061199155298,10.032515080502353,-36.282329957968656,-20.43897311991079,0.12065988022123975,-9.233162354773079,32.584683728193404,14.055539500664855,-1.0972922811120753,0.06498038749968771,-0.0009452623556942541,0.03132734038696583,0.009093645575418918,-1000.0,1000.0,1000.0,-808.7000882763334,1000.0,-1000.0,-1000.0,296.21518589565204,25.69375436504831,-3.5662647549265447,6.943250172325596,1.5015658842710138,0.017000000000000008
0.37422861986526607,-0.6431198847701312,-0.1276643030070738,0.022049595817356497,-0.36838655264000764,0.6342009250241423,0.07924962160585985,-0.049507454610922305,0.00020905598434173088,-0.0003329152155720899,-0.0011186059104869035,0.001763538357124523,12.622242137992973,-33.28264124057499,-24.91534109430328,0.1395052144129778,-8.82839394768723,29.559885739425336,3.213929651763239,-10.70202771142678,0.06560419184935995,-0.0009776582550026225,0.17022006007321977,-0.1570736344284569,-1000.0,1000.0,1000.0,-796.503786022746,1000.0,-1000.0,-1000.0,1000.0,5.173718640504823,-3.8515268253346506,-4.26956862629798,11.525904800507574,0.01800000000000001
0.38966436570751123,-0.6735148083677074,-0.15683135040735136,0.02220358597431264,-0.37659551239711353,0.6596390542032049,0.079073861987302,-0.06153955208663681,0.00027439953438636777,-0.00033410752343706923,-0.0009690998676885815,0.0016262750061297512,15.435745842245137,-30.394923597576188,-29.16704740027757,0.15399015695614082,-8.2089597571059,25.438129179062578,-0.17575961855786204,-12.032097475714508,0.06534355004463688,-0.0011923078649793695,0.14950604279832191,-0.13726335099477183,-1000.0,1000.0,1000.0,-797.2679491451672,1000.0,-1000.0,-91.15484103689431,1000.0,-5.107749083875191,-3.8513654990467177,-4.34950826567506,10.479322582445771,0.01900000000000001
0.407266666147489,-0.7008334199014952,-0.18780422399207056,0.022371671842751434,-0.3842239851542724,0.68152995532791,0.07890126777736137,-0.07122730502386161,0.00033723999102704637,-0.00033338653643261656,-0.0008355095070598797,0.0015046392615678658,17.602300439977782,-27.318611533787823,-30.972873584719203,0.16808586843879425,-7.628472757158913,21.890901124705124,-0.17259420994063035,-9.687752937224793,0.06284045664067861,0.0007209870044526667,0.1335903606287019,-0.12163574456188542,-1000.0,1000.0,1000.0,-863.29055187073,1000.0,-1000.0,298.3967734855062,1000.0,-15.361840017650133,-4.332641429682501,-4.004725469313235,9.93908843028414,0.02000000000000001
0.4233850540787018,-0.7008114012440104,-0.21354117772871117,0.026144137584817238,-0.39107603726283646,0.7000151742035269,0.07872299270555078,-0.07840166911497103,0.00024659895636688033,-0.00047699768793308555,-0.0007215793950143425,0.001404528564522471,16.1183879312128,0.022018657484739634,-25.7369537366406,3.7724657420658048,-6.852052108564035,18.485218875616866,-0.17827507181059232,-7.1743640911094175,-0.09064103466016604,-0.143611151500469,0.11393011204553716,-0.10011069704539466,-1000.0,-1000.0,1000.0,-1000.0,1000.0,-1000.0,296.98701390162176,1000.0,-18.971606921199612,-5.831148309198401,-3.6747348259493147,10.082718950946653,0.02100000000000001
0.43848312678327284,-0.7002755209952083,-0.23365554957948567,0.033808306860708126,-0.3964920494492114,0.6996385393628215,0.07847990456069563,-0.0825965536927598,0.0002777036596345387,-0.0005301522228378737,-0.0007181777662071458,0.0012810079945981046,15.098072704571026,0.5358802488020897,-20.114371850774493,7.664169275890885,-5.416012186374923,-0.3766348407053819,-0.2430881448551503,-4.194884577788777,0.03110470326765835,-0.053154534904788164,0.0034016288071967438,-0.12352056992436644,-1000.0,-1000.0,1000.0,-1000.0,1000.0,336.92249845650355,494.5402851963685,1000.0,-16.833646001436872,-5.042106437134618,-2.652678341090113,11.420938415647939,0.022000000000000013
0.4518779196150183,-0.6998468167961667,-0.24447705376831524,0.04832695610989072,-0.40096553997950457,0.6993372314902572,0.07814294576000715,-0.08428867274767415,0.0003258374843940278,-0.0005917526871486417,-0.0006987726635648646,0.0011509238773130962,13.394792831745416,0.4287041990416629,-10.821504188829572,14.518649249182594,-4.473490530293163,-0.3013078725643048,-0.33695880068848183,-1.6921190549143503,0.04813382475948913,-0.06160046431076793,0.019405102642281236,-0.13008411728500846,-1000.0,-1000.0,1000.0,-1000.0,1000.0,360.4985570572864,354.98776235230434,959.7671588244071,-19.412919815046994,-5.2461821157780335,-2.648036562970635,8.454554991080679,0.023000000000000013
0.4634955178753007,-0.6995038534369333,-0.24677995723021454,0.06860191416375591,-0.40492323123290636,0.6990961851922057,0.07734436308309421,-0.0850093937227952,0.00038503909057193553,-0.0006574921784123086,-0.0006956047091661308,0.0010982373469351134,11.617598260282392,0.3429633592333392,-2.3029034618993016,20.274958053865184,-3.9576912534018,-0.2410462980514394,-0.798582676912929,-0.720720975121047,0.059201606177907706,-0.06573949126366685,0.003167954398733741,-0.052686530377982876,-1000.0,-1000.0,1000.0,-1000.0,1000.0,224.3892962228452,1000.0,549.7629007548182,-22.102230735214,-5.074250139790079,0.3529568951204515,5.034766874482115,0.024000000000000014
0.4739237154480551,-0.6994845707857652,-0.24677995723021454,0.08839816426720465,-0.4083537280224224,0.6989033481537645,0.07526841295568697,-0.08570304583577214,0.00040089837543875616,-0.0007753784885535745,-0.0006801592873107555,0.0010531921061663555,10.428197572754435,0.019282651168123888,3.552713678800501e-15,19.79625010344874,-3.430496789516056,-0.19283703844115152,-2.075950127407239,-0.6936521129769346,0.015859284866820644,-0.11788631014126594,0.01544542185537523,-0.04504524076875782,-1000.0,-988.2495189213743,349.9965257836757,-1000.0,1000.0,119.6067528833711,1000.0,460.8045466314231,-23.673688215103642,-4.060892415130564,1.0885550331527771,4.565888949477327,0.025000000000000015
0.4833073579598517,-0.6994671512556778,-0.24677995723021454,0.10518185843496765,-0.41127458274648165,0.6987490785230116,0.07192342532179923,-0.08637269384477757,0.0003949489100884581,-0.0009063311907627992,-0.0006554163751841148,0.0010135395607563057,9.383642511796575,0.017419530087383173,3.552713678800501e-15,16.783694167763002,-2.920854724059203,-0.15426963075291233,-3.3449876338877402,-0.6696480090054351,-0.0059494653502980555,-0.13095270220922473,0.024742912126640704,-0.03965254541004981,-1000.0,-861.3042872451813,132.82797768955666,-1000.0,1000.0,46.81288546774062,1000.0,381.65216742176597,-24.453204316125777,-3.5538546711769423,1.417152591918519,4.466334546948204,0.026000000000000016
0.49161397348323643,-0.6994522491538949,-0.24677995723021454,0.11888231936779797,-0.4137007915671012,0.6986256628184093,0.0673412697337168,-0.08702460203456022,0.0003691418049527603,-0.0010493214164110434,-0.0006239175538299382,0.000977818060678422,8.306615523384755,0.014902101782874322,0.0,13.700460932830325,-2.4262088206195376,-0.12341570460232543,-4.5821555880824185,-0.6519081897826595,-0.02580710513569784,-0.14299022564824426,0.0314988213541767,-0.03572150007788366,-1000.0,-837.4683953726068,179.43502269117982,-1000.0,1000.0,-38.65385802120916,1000.0,366.00386294873823,-25.01554194630514,-3.3778364074120972,1.5999135116323768,4.457178739672149,0.027000000000000017
0.4987977730588238,-0.6994404267127796,-0.24677995723021454,0.12942747314520908,-0.41562866460437226,0.6985269302547275,0.06153287976899066,-0.08765960234514515,0.0003249132071246937,-0.0012032548976865804,-0.0005872873956141521,0.0009446304555263852,7.183799575587372,0.01182244111527675,0.0,10.545153777411116,-1.9278730372710373,-0.09873256368186922,-5.808389964726144,-0.6350003105849318,-0.04422859782806654,-0.15393348127553708,0.03663015821578597,-0.03318760515203678,-1000.0,-813.9033794516828,235.85267417078714,-1000.0,1000.0,-100.9526925489243,1000.0,342.9376564872257,-24.61997063396465,-3.1627416334741136,1.7766162955696467,4.583383194803295,0.028000000000000018
0.5048050624793994,-0.6994321644479685,-0.24677995723021454,0.13673157560070456,-0.4170487920424122,0.698447944203782,0.05451244744527868,-0.08827807674623624,0.00026313189410066584,-0.0013669072726033241,-0.000546742923638445,0.0009129119930357832,6.007289420575571,0.008262264811130127,0.0,7.304102455495489,-1.420127438039958,-0.07898605094549538,-7.020432323711981,-0.6184744010910865,-0.061781313024027895,-0.16365237491674378,0.0405444719757071,-0.03171846249060195,-1000.0,-791.7344807994873,296.9532066504195,-1000.0,1000.0,-142.77335036095567,1000.0,310.0996365685379,-24.235737160753388,-2.9404934020840505,1.9515292770204626,5.454959423616724,0.02900000000000002
0.5095760601946956,-0.6994278602234222,-0.24677995723021454,0.14068985575625648,-0.4179477626630205,0.6983847553630256,0.046283609714718316,-0.08888049739023703,0.00018409431507212913,-0.001538840759950414,-0.0005031957977944589,0.0008818658824923263,4.770997715296184,0.004304224546314739,0.0,3.958280155551911,-0.8989706206082875,-0.06318884075640074,-8.228837730560366,-0.6024206440007882,-0.0790375790285367,-0.1719334873470899,0.04354712584398612,-0.031046110543456962,-1000.0,-771.2468235310963,361.8472283124061,-1000.0,1000.0,-169.88877396413216,1000.0,274.1702845736708,-23.88867533551595,-2.6812237833571064,2.073879895599061,5.427471176072399,0.03000000000000002
0.5134469270082636,-0.6993693789747422,-0.24677995723021454,0.14246300095009556,-0.4183091647828249,0.6983342042904205,0.0368472416482164,-0.08946711863862539,1.1223947646597706e-05,-0.0013261183617451272,-0.0004573085448420758,0.0008508838229890673,3.8708668135680133,0.05848124867998372,0.0,1.7731451938390848,-0.36140211980444276,-0.050551072605120595,-9.436368066501913,-0.5866212483883566,-0.1728703674255314,0.21272239820528682,0.04588725295238305,-0.030982059503259052,-1000.0,-571.7001027418365,-188.6749053851282,-713.3231600228495,1000.0,-184.7498603020358,1000.0,234.9152065850577,-24.829786190703075,-1.2943096602573232,2.165531469383829,5.118909904073973,0.03100000000000002
0.5169224558211755,-0.6993609604885607,-0.24677995723021454,0.14264693641868434,-0.418302483541941,0.6982937634323364,0.02635130125327802,-0.09003865488111273,-9.564747873817328e-05,-0.001483667051020358,-0.00040975026635021295,0.0008195757054398657,3.4755288129118576,0.008418486181453133,0.0,0.18393546858877508,0.006681240883912198,-0.04044085808410047,-10.49594039493838,-0.5715362424873511,-0.10687142638477098,-0.1575486892752309,0.04755827849186289,-0.0313081175492016,-1000.0,-302.88853584489283,-928.3267756178143,-270.33953036900954,778.65661266366,-187.55732845970508,1000.0,189.50626246440632,-26.248635195518368,0.6913384934376897,2.171674610255275,4.648438084923247,0.03200000000000002
0.5200176438892079,-0.6993609604885607,-0.24595099130196058,0.14257303315471695,-0.418296259388444,0.6982614107458691,0.015101703687127002,-0.09059519123367012,-0.00020260532099835974,-0.001696721556412509,-0.0003611859743500193,0.000787748871736247,3.095188068032448,0.0,0.8289659282539521,-0.07390326396737734,0.006224153496969698,-0.032352686467285174,-11.249597566151019,-0.5565363525573765,-0.10695784226018645,-0.21305450539215087,0.04856429200019363,-0.03182683370361872,-1000.0,-273.07264886662443,-1000.0,-103.72378492088738,305.0855156683606,-176.9372059956194,1000.0,143.37837202397967,-26.44003581914366,1.5299618430696087,1.8169403461387872,4.076089137605956,0.03300000000000002
0.522714077453298,-0.6993609604885607,-0.24409396844542366,0.14249940622068466,-0.41829039702386167,0.6982355285966952,0.0031184951065919963,-0.0911370196724523,-0.0003199312195114185,-0.0019071351655482295,-0.0003118817676287594,0.0007551848483035771,2.696433564090069,-8.881784197001252e-16,1.8570228565368971,-0.07362693403227638,0.005862364582317259,-0.025882149173827695,-11.983208580535006,-0.5418284387821828,-0.11732589851305875,-0.2104136091357205,0.0493042067212599,-0.03256402343266984,-1000.0,-228.79025779230565,-1000.0,-28.721525442098326,239.94535670447314,-160.80920554929122,1000.0,99.32187695917685,-26.28646152231378,1.7699532276237544,0.45158193846615846,3.7443802596622935,0.03400000000000002
0.5249852082762839,-0.6993609604885607,-0.24119664443130884,0.14242701088288331,-0.41828482012978613,0.6982148228773561,-0.009596645571940702,-0.09166302165365046,-0.00044655963106849685,-0.0021152299877225467,-0.00026190088185955773,0.0007216254125871503,2.271130822985958,8.881784197001252e-16,2.8973240141148353,-0.07239533780135332,0.005576894075549621,-0.020705719339054074,-12.715140678532698,-0.5260019811981564,-0.12662841155707838,-0.20809482217431707,0.04998088576920168,-0.03355943571642683,-1000.0,-208.44098101994635,-1000.0,13.954955304428529,181.12969315786987,-130.71528135642092,1000.0,41.88246591457892,-26.164632041242502,2.0626020609502276,0.8012210316933263,3.3277825439450535,0.035000000000000024
0.526804405256071,-0.6993609604885607,-0.2372480161870448,0.1423548265970387,-0.4182794697845938,0.6981982583018849,-0.023041895627507077,-0.09217175209049862,-0.0005813075356170298,-0.0023217925289363388,-0.00021123351189343708,0.0006868513570738545,1.819196979787076,0.0,3.9486282442640297,-0.0721842858446351,0.005350345192316475,-0.016564575471234022,-13.445250055566374,-0.508730436848154,-0.13474790454853292,-0.20656254121379192,0.050667369966120646,-0.03477405551329582,-1000.0,-186.1544706815259,-1000.0,59.23182958036516,126.8406185442248,-84.18958664634701,1000.0,-33.343354995995334,-26.06819409927464,2.3813209266648654,1.1721060291565581,2.864130748592115,0.036000000000000025
0.528153327288351,-0.6993609604885607,-0.2322482203100348,0.14228118472226192,-0.41827429456015597,0.6981850066415078,-0.037214676359717876,-0.09266050730369925,-0.0007230270079467555,-0.002527670774611867,-0.00015975624978071068,0.0006506162996241814,1.3489220322799782,0.0,4.9997958770099995,-0.07364187477676865,0.00517522443784979,-0.013251660376978336,-14.172780732210798,-0.4887552132006334,-0.1417194723297257,-0.20587824567552815,0.05147726211272641,-0.036235057449673036,-1000.0,-196.38725503265687,-1000.0,119.67162632129624,72.81406868614992,-10.485733587550005,1000.0,-143.32574083648453,-25.994596309873383,2.810586984887082,1.5979918373941782,2.311188281155976,0.037000000000000026
0.529010099656306,-0.6993609604885607,-0.22619541872695453,0.14220542865864988,-0.41826927552472454,0.6981744053132063,-0.05244305270905764,-0.09312838164768429,-0.0008708074387484156,-0.00273326609886092,-0.00010684672163330076,0.0006124182919385022,0.8567723679549789,0.0,6.052801583080264,-0.07575606361203313,0.0050190354314132435,-0.010601328301573787,-15.228376349339767,-0.467874343985045,-0.14778043080166015,-0.20559532424905314,0.0529095281474099,-0.03819800768567916,-1000.0,-201.13634146499425,-1000.0,348.13550140750135,7.665284800656091,104.88552774374703,1000.0,-500.0617564911337,-25.577364040689744,3.615076537349179,2.2078006552095455,1.4481550083395993,0.03800000000000003
0.5292938787140928,-0.6993609604885607,-0.221753752911921,0.14210706012696003,-0.4182643992992129,0.698165924250565,-0.06999924604461966,-0.09356557474350018,-0.0010213783906727382,-0.002945968747812469,-4.9503232164991845e-05,0.0005699904185493581,0.28377905778691104,0.0,4.441665815033529,-0.09836853168985726,0.004876225511639465,-0.00848106264126347,-17.556193335562018,-0.4371930958158856,-0.15057095192432257,-0.21270264895154867,0.05734348946830892,-0.04242787338914411,-1000.0,-184.22992386128433,-1000.0,687.7017352609746,-108.85694964628678,162.77220194299545,1000.0,-603.4101712898477,-26.34423635360199,5.297406024757133,3.3061233709657767,0.30258311393691756,0.03900000000000003
0.5292938787140928,-0.6993628529437073,-0.220386200314363,0.14169554039910282,-0.4182589144268359,0.698159139400452,-0.08828569727948819,-0.09356317091667601,-0.00113571742796863,-0.003259888043784532,2.7337234672617418e-05,0.000508384152092694,0.0,-0.0018924551465797634,1.367552597557987,-0.41151972785722535,0.005484872377024441,-0.006784850113007224,-18.286451234868537,0.002403826824163957,-0.1143390372958919,-0.31391929597206314,0.07684046683760926,-0.061606266456664116,-611.8892951013809,-3.8840332677722023,-1000.0,680.2899720862351,-82.06579211263664,124.4035024164063,1000.0,-471.69584008802923,-26.758251808355475,5.583820899862475,2.2756435294481734,1.2629048199184147,0.04000000000000003
0.5292938787140928,-0.6993615418056729,-0.22038806263461275,0.14168878323643375,-0.41825374570319424,0.6981537115203617,-0.10732813749726355,-0.0935605130429531,-0.0013092804231088744,-0.0034411255660565807,0.00010145843789098567,0.0004482553102178586,0.0,0.0013111380343460155,-0.0018623202497263236,-0.00675716266906079,0.005168723641672646,-0.005427880090413062,-19.042440217775365,0.0026578737229101534,-0.17356299514024442,-0.18123752227204903,0.07412120321836824,-0.06012884187483536,675.8258947231548,11.99166317917566,159.27211475817947,252.53246735645095,-112.25943629644641,134.14663075215017,1000.0,-434.222696610862,-25.87275722127038,3.8716867709040446,2.417169719150059,1.1364885020006457,0.04100000000000003
0.5292201857479424,-0.6993407771716572,-0.22038806263461275,0.14190139547055688,-0.41824877078121003,0.6981493692162893,-0.12709522174846904,-0.09355777136005324,-0.0015274727815322545,-0.003542262805940549,0.00017420578438046423,0.0003882762289866109,-0.07369296615046367,0.020764634015642436,1.7763568394002505e-15,0.21261223412314223,0.004974921984206349,-0.004342304072335601,-19.767084251205503,0.0027416828998667597,-0.21819235842338003,-0.10113723988396828,0.07274734648947856,-0.05997908123124773,1000.0,9.10226377244061,614.777695624056,203.5753057769698,-129.03896401604143,146.30969131057358,1000.0,-398.17231294349443,-25.66864325819057,3.3880125062577746,2.531408049115152,1.0980781659469425,0.04200000000000003
0.5290504573824866,-0.6993195133719299,-0.22038806263461275,0.14212032912589365,-0.4182439185674799,0.6981458953730315,-0.14757280861059086,-0.09355504169613077,-0.0017403581981073027,-0.0036534721014034694,0.00024626993129203613,0.000327883486249148,-0.1697283654558266,0.021263799727377908,0.0,0.21893365533676956,0.004852213730164312,-0.0034738432578729217,-20.477586862121818,0.0027296639224658747,-0.21288541657504823,-0.11120929546292047,0.07206414691157192,-0.06039274273746287,1000.0,47.92696929877194,636.9284495660177,201.37882044788125,-135.65557401607896,161.8210560591632,1000.0,-372.90935961561854,-25.758018107735058,3.4752180008671694,2.5909355234350824,1.1713776280177624,0.04300000000000003
0.5288650746804009,-0.6993023502958394,-0.22038806263461275,0.14228850722742445,-0.4182391492599732,0.6981431162984252,-0.16875407515162769,-0.09355238421979171,-0.0019378617466193201,-0.0037941079694338775,0.0003180576169392876,0.00026682366265919067,-0.18538270208570085,0.01716307609044332,-1.7763568394002505e-15,0.16817810153079904,0.004769307506702791,-0.002779074606307219,-21.181266541036834,0.002657476339052778,-0.19750354851201735,-0.14063586803040806,0.07178768564725146,-0.06105982358995732,1000.0,98.70320857503445,530.0573987054527,213.65543309682522,-134.16572183050258,180.37685980378714,1000.0,-359.9471670025861,-25.8849949426751,3.655573885885471,2.5964259374209493,1.3527112417586542,0.04400000000000003
0.5287274975602626,-0.6992878777406357,-0.22038806263461275,0.14242357697333582,-0.4183594211021458,0.6981408930387402,-0.18945139454866392,-0.09390321737984506,-0.002126235789505956,-0.003953375168370119,0.0003717997401599459,0.00022129590398094345,-0.13757712013829887,0.014472555203743909,-1.7763568394002505e-15,0.13506974591138032,-0.12027184217259812,-0.0022232596850413344,-20.697319397036225,-0.35083316005333387,-0.18837404288663606,-0.15926719893624153,0.0537421232206583,-0.04552775867824721,1000.0,120.87529757277082,459.9924737746259,221.49460518113005,1000.0,61.21934664426632,1000.0,-549.4154988859048,-25.944898695842017,3.77185410866197,8.112696752996632,-1.4180605196792844,0.04500000000000003
0.5293118810808219,-0.6992878777406357,-0.22192921240109223,0.14234742575689124,-0.4199306153468923,0.6981391144309921,-0.20739305179023532,-0.09422187137041384,-0.002277948769887147,-0.004190683508290359,0.0004220879439561171,0.0001768287496465306,0.584383520559375,-1.7763568394002505e-15,-1.5411497664794886,-0.07615121644458611,-1.571194244746514,-0.0017786077480377305,-17.941657241571402,-0.31865399056878374,-0.1517129803811912,-0.23730833992024003,0.05028820379617116,-0.04446715433441284,-1000.0,157.07273403053622,1000.0,377.4203677143837,1000.0,146.93835538255743,1000.0,-968.0695902923387,-29.333111147617725,3.1150638991018065,15.553865374607144,-5.891894985224772,0.046000000000000034
0.5310078256851806,-0.6992878777406357,-0.22516567347047442,0.14226475983399195,-0.42308672141802867,0.6981376915447937,-0.22233546644309904,-0.09445251214207202,-0.0024348667978608923,-0.004425270469419836,0.0004707834852382459,0.00013143277222580572,1.69594460435858,0.0,-3.2364610693821945,-0.08266592289928099,-3.1561060711363873,-0.001422886198421347,-14.94241465286373,-0.2306407716581802,-0.1569180279737452,-0.23458696112947663,0.04869554128212883,-0.045395977420724876,-1000.0,156.58850480580466,1000.0,547.9777176466711,1000.0,159.6114096807266,1000.0,-1000.0,-30.40908223296773,3.517000426910413,16.285295392571523,-6.479630529261537,0.047000000000000035
0.5338341909412974,-0.6992878777406357,-0.23010332838601708,0.14218251004489,-0.42736373713733716,0.6981365532358349,-0.2352239850437392,-0.09476887646401508,-0.002596981424569777,-0.004656022381702076,0.000509250950290041,9.518372453470511e-05,2.826365256116798,0.0,-4.937654915542666,-0.08224978910195091,-4.277015719308501,-0.0011383089587364559,-12.888518600640154,-0.3163643219430483,-0.16211462670888466,-0.23075191228224057,0.0384674650517951,-0.0362490476911006,-1000.0,155.55548619123405,1000.0,563.2397405797135,1000.0,146.5606809485401,1000.0,-910.1550120263455,-30.3261484371505,3.5816005601546648,14.16463123438088,-4.510889349678005,0.048000000000000036
0.5378135039853421,-0.6992878777406357,-0.23675679321707482,0.1421012067389325,-0.4321570267608958,0.6981356425886679,-0.24702450304221027,-0.0950891511057831,-0.0027636187074269293,-0.0048837995323281905,0.0005443691454703296,6.188096590541511e-05,3.979313044044803,0.0,-6.653464831057747,-0.08130330595749058,-4.793289623558617,-0.0009106471669855232,-11.800517998471072,-0.3202746417680231,-0.1666372828571525,-0.22777715062611392,0.03511819518028858,-0.03330275862929,-1000.0,153.9383494112838,1000.0,565.3901884813315,1000.0,132.9086333870008,1000.0,-754.4065466719813,-30.251245166673247,3.576397143739176,11.162443193413674,-1.6214979993329874,0.04900000000000004
0.5429685851955149,-0.6992878777406357,-0.24514062093127048,0.1420208356684463,-0.43713849857443005,0.6981349140709343,-0.2583000838998715,-0.09540623528176227,-0.002934190462655821,-0.005109519959887312,0.0005776489902108208,3.054264095822964e-05,5.155081210172873,0.0,-8.383827714195657,-0.08037107048619418,-4.981471813534234,-0.0007285177335836224,-11.275580857661234,-0.3170841759791756,-0.17057175522889167,-0.22572042755912136,0.03327984474049117,-0.03133832494718547,-1000.0,151.68005600017432,1000.0,567.148272653237,1000.0,118.52873971352729,1000.0,-661.8597505625926,-30.188293230511885,3.5822936292493517,9.515878452896107,-0.3785736196468825,0.05000000000000004
0.5493213975776685,-0.6992878777406357,-0.25526789857687066,0.14194145254879953,-0.4421275683750131,0.6981343312567474,-0.269360929580043,-0.09571692445972534,-0.0031082468049186507,-0.0053339826334868196,0.0006098560466937952,6.952521421923173e-07,6.352812382153578,0.0,-10.127277645600156,-0.0793831196467778,-4.989069800583055,-0.0005828141868664538,-11.060845680171488,-0.31068917796307005,-0.17405634226282984,-0.22446267359950767,0.032207056482974394,-0.029847388816037324,-1000.0,148.70387842121823,1000.0,567.9396808323428,1000.0,103.7393456077914,1000.0,-601.735475049603,-30.13501449195574,3.5958090698210725,8.61933266959023,0.3700122617170155,0.05100000000000004
0.5568927310128848,-0.6992878777406357,-0.2671498194403354,0.14186371438560255,-0.4470171354331668,0.6981338650053979,-0.2803895265284244,-0.09601986082447203,-0.0032855227056994073,-0.00555772013805581,0.0006413809255494013,-2.788268171895106e-05,7.5713334352162915,0.0,-11.881920863464714,-0.07773816319698312,-4.889567058153697,-0.00046625134948463653,-11.028596948381413,-0.3029363647466994,-0.1772759007807565,-0.22373750456899089,0.031524878855606175,-0.02857793386114338,-1000.0,144.91288447626061,1000.0,555.7322317460239,1000.0,88.86680995803565,1000.0,-557.9562025061928,-30.07630908675671,3.534149634967845,7.841639622955566,0.8662166753143352,0.05200000000000004
0.5657029858689818,-0.6992878777406357,-0.2807962346163999,0.14178972576140647,-0.4517387835492341,0.6981334920043183,-0.2915008125571407,-0.09631459159843792,-0.0034660303274023224,-0.005780754063892086,0.0006724165709910634,-5.528197990477816e-05,8.810254856096996,0.0,-13.64641517606449,-0.073988624196069,-4.721648116067305,-0.00037300107957882744,-11.11128602871632,-0.2947307739658811,-0.18050762170291534,-0.22303392583627613,0.03103564544166204,-0.027399298185827092,-1000.0,140.18897392418305,1000.0,500.33940150365686,1000.0,73.50884748042097,1000.0,-521.9915689416584,-29.975511961875583,3.1873288714633197,7.09185440796306,1.2215452778799942,0.05300000000000004
0.5750797817173844,-0.6992878777406357,-0.2950106685227689,0.14172526874480473,-0.4562446501591545,0.6981331936034546,-0.30277541635578314,-0.0966013018786112,-0.003650288816097245,-0.00600162968028998,0.0007030408192584642,-8.151464916436306e-05,9.376795848402615,0.0,-14.214433906369013,-0.06445701660175018,-4.505866609920435,-0.0002984008636621738,-11.274603798642406,-0.28671028017328126,-0.18425848869492256,-0.220875616397894,0.030624248267400844,-0.026232669259584895,-1000.0,134.39127699742514,1000.0,314.54120577140696,1000.0,57.67917892526375,1000.0,-489.5500681663556,-28.18831743752003,3.052126752709751,6.581485657542942,1.488944273015519,0.05400000000000004
0.5843014966488886,-0.6992878777406357,-0.30854783601137703,0.14167188006278877,-0.46049806958747036,0.6981329548827637,-0.3142747205078705,-0.09688035301334547,-0.003838226003285428,-0.006220151956154645,0.0007332764207649544,-0.00010655975203722926,9.221714931504238,0.0,-13.537167488608087,-0.053388682015949485,-4.253419428315843,-0.00023872069092600867,-11.499304152087305,-0.27905113473427434,-0.18793718718818297,-0.21852227586466455,0.030235601506490184,-0.02504510287286621,-1000.0,-50.994763712008286,1000.0,94.64390037485981,1000.0,41.56114925600396,1000.0,-458.8106791609133,-26.316649398368916,2.7563325215435603,6.167326818802887,1.7010454191232725,0.05500000000000004
0.5930724667961681,-0.6992878777406357,-0.32090849263276705,0.14162351686998248,-0.46446888724637647,0.6981327639062109,-0.3260485064110295,-0.09715216909019553,-0.004028772838560443,-0.006438541754250061,0.000763111873297066,-0.0001303771327397967,8.770970147279495,0.0,-12.360656621390039,-0.04836319280629198,-3.970817658906099,-0.00019097655274968872,-11.773785903159006,-0.27181607685006526,-0.19054683527501481,-0.2183897980954157,0.029835452532111617,-0.023817380702567448,-1000.0,-168.34530716754847,1000.0,7.283422245721094,1000.0,25.281418835977675,1000.0,-428.92306590768385,-25.53453379133693,2.615900675832642,5.781626373569999,1.8746744221145306,0.05600000000000004
0.6011771699336936,-0.6992878777406357,-0.3317218907570788,0.1415874247377867,-0.46813107391538905,0.6981326111249687,-0.3381401976757086,-0.0974171830852761,-0.004223340018470467,-0.006653923878533682,0.0007925142768785801,-0.00015291572965019066,8.104703137525483,-1.7763568394002505e-15,-10.813398124311778,-0.036092132195761906,-3.662186669012578,-0.0001527812421908692,-12.09169126467905,-0.2650139950805652,-0.19456717991002392,-0.21538212428362158,0.029402403581514136,-0.02253859691039395,-1000.0,-257.5701645919818,1000.0,-47.59208256456859,1000.0,8.878361956330293,1000.0,-399.43655629214544,-24.97463246641815,2.506202195362347,5.537023638483782,2.016177072276977,0.057000000000000044
0.6083830888773022,-0.6992878777406357,-0.3405025112967687,0.14155338088724806,-0.4714614626218449,0.6981324888999749,-0.35058979133278556,-0.09767581110297992,-0.004434776829151191,-0.006853553565997963,0.0008214356111125224,-0.00017411753740530992,7.205918943608544,0.0,-8.780620539689846,-0.034043850538651554,-3.3303887064558637,-0.00012222499374781037,-12.449593657076958,-0.2586280177038205,-0.2114368106807234,-0.1996296874642809,0.028921334233942275,-0.021201807755119262,-1000.0,-353.9965325838824,1000.0,26.743862845507003,1000.0,-7.612982030842486,1000.0,-370.138611869961,-24.285757096882367,2.43318968586927,5.514668377764272,2.128605687571731,0.058000000000000045
0.6140919425332867,-0.6992878777406357,-0.3461125855510912,0.1415229814616515,-0.47443891844310304,0.6981323911199799,-0.36343346379329744,-0.09792844440255291,-0.00468519921510297,-0.007011802915279041,0.0008498099177083301,-0.00019391536330420103,5.708853655984514,0.0,-5.610074254322548,-0.030399425596584706,-2.9774558212581113,-9.777999499016587e-05,-12.843672460511863,-0.25263329957299874,-0.25042238595177935,-0.15824934928107837,0.028374306595807752,-0.01979782589889112,-1000.0,-621.5768205482094,1000.0,127.73603188599691,1000.0,-24.03086140027677,1000.0,-341.06860641198335,-22.680548872986204,1.9633244632946585,5.521319687536767,2.2187493421256046,0.059000000000000045
0.6182148576317429,-0.6992878777406357,-0.3489308489794521,0.14149368577931953,-0.4770437518343006,0.698132312895984,-0.3767045261268933,-0.09817544843069698,-0.004943345214830474,-0.007163008918394198,0.0008775533463304182,-0.00021223255902819596,4.122915098456188,0.0,-2.8182634283608827,-0.02929568233194857,-2.604833391197544,-7.822399599222152e-05,-13.271062333595856,-0.24700402814406175,-0.2581459997275033,-0.1512060031151563,0.027743428622088118,-0.018317195723994928,-1000.0,-642.9499124338419,1000.0,194.02207170175421,1000.0,-40.24851066799817,1000.0,-312.2819711942038,-22.526347437871905,2.176298433380729,5.554422768221246,2.2890455879652043,0.060000000000000046
0.6208832149060468,-0.6992785475231034,-0.3489308489794521,0.14155579536448434,-0.4792577585288524,0.6981322503167872,-0.39043330655116715,-0.09841717718656351,-0.005152429280503584,-0.007353951026678942,0.0009045612431508258,-0.0002289807553495407,2.6683572743039523,0.009330217532380836,0.0,0.062109585164805026,-2.2140066945517702,-6.257919680230373e-05,-13.728780424273852,-0.2417287558665322,-0.20908406567311033,-0.19094210828474445,0.027007896820407495,-0.01674819632134472,-1000.0,-539.2193638839859,261.3379459401637,258.1357458999015,1000.0,-56.329252614331416,1000.0,-283.7038472984867,-23.434906663389242,3.1749713067012912,5.6146324351220995,2.3396036545821097,0.06100000000000005
0.6226182551919951,-0.699304791177493,-0.3489308489794521,0.14078113872333842,-0.48106390701901414,0.6981322002534297,-0.40464761981395436,-0.09865397184087978,-0.005315575858961823,-0.007739096406249885,0.0009307073910580241,-0.0002440594871331157,1.7350402859482588,-0.02624365438967846,0.0,-0.7746566411459384,-1.806148490161777,-5.006335743784618e-05,-14.214313262787229,-0.23679465431627023,-0.16314657845823888,-0.3851453795709432,0.02614614790719827,-0.015078731783574995,-1000.0,-310.35286175409857,-448.99385179161766,454.50349022661675,1000.0,-72.23171145258367,1000.0,-255.31860378050197,-24.50495572034774,4.423561433734008,5.70074189557336,2.371872236405347,0.06200000000000005
0.6233433243133525,-0.6993263674866623,-0.3489308489794521,0.14013687971420108,-0.4824362498032033,0.6981321602027437,-0.419389548750348,-0.09888580208872079,-0.005492163971361863,-0.008084728896520744,0.0009558941951980441,-0.00025739612329522425,0.7250691213573794,-0.021576309169317298,0.0,-0.644259009137329,-1.3723427841892117,-4.005068594548078e-05,-14.741928936393643,-0.23183024784101036,-0.17658811240004013,-0.34563249027085874,0.025186804140020058,-0.013336636162108562,-1000.0,-338.7757297759493,-352.3764395520212,417.88753994730087,1000.0,-83.43899415674471,1000.0,-231.20717391960193,-24.29345828943758,4.2439073692563785,5.767733425882188,2.4171261835126376,0.06300000000000004
0.6233433243133525,-0.6993297110094473,-0.3489222807208092,0.1396999888490202,-0.48334900917099666,0.6981321281621949,-0.4347001132309242,-0.09911265566751455,-0.005679335702931696,-0.008377975087556522,0.0009799943592502442,-0.00026890050051918163,2.220446049250313e-16,-0.003343522784962083,0.008568258642867477,-0.43689086518087095,-0.9127593677933414,-3.204054874705875e-05,-15.310564480576238,-0.22685357879376866,-0.18717173156983336,-0.2932461910357773,0.024100164052200057,-0.011504377223957363,-548.7965061995657,-264.67298857878075,-169.41227401371805,352.63340733915805,1000.0,-91.85971548179883,1000.0,-210.85411753927826,-24.365726907357004,4.017667201852336,5.859564115582493,2.4467791223633033,0.06400000000000004
0.6233433243133525,-0.6993293856365198,-0.3489230951034975,0.1396784942762421,-0.4837829549658196,0.698132102529756,-0.45060854629766045,-0.09933472772781768,-0.005887940270464612,-0.00858328262012222,0.001002818328798173,-0.00027844072929569705,0.0,0.0003253729275209949,-0.0008143826883042493,-0.021494572778109955,-0.43394579482293083,-2.563243899356138e-05,-15.90843306673624,-0.2220720603031232,-0.208604567532916,-0.20530753256569767,0.02282396954792887,-0.009540228776515391,452.8938326236318,-44.24820622621295,116.81197130128673,262.2710401936791,1000.0,-100.20710584573,1000.0,-191.91083307887354,-24.806145869201025,3.7994338054821024,6.004117095634795,2.443293266083297,0.06500000000000004
0.6233433243133525,-0.6993294243439201,-0.3489229964048349,0.1396292834730561,-0.48378073771024277,0.6981320820238048,-0.46709188879492647,-0.0995518150148423,-0.006094210258464216,-0.008799558458945065,0.001024126182649172,-0.0002858562621899253,0.0,-3.87074003107557e-05,9.869866262768312e-05,-0.04921080318601412,0.002217255576804522,-2.0505951203730888e-05,-16.483342497266033,-0.21708728702461855,-0.2062699879996046,-0.2162758388228454,0.02130785385099898,-0.0074155328942282495,426.0469398069869,-33.91101045880951,87.5388618276527,268.21657071068404,939.1670396756209,-83.09803710143592,1000.0,-175.03594349109014,-24.817437984690137,3.8523959482438235,6.191181719382315,2.3858559747180728,0.06600000000000004
0.6233433243133525,-0.699330401797295,-0.3489204943296236,0.1394701942760907,-0.4837785897290265,0.6981320656190438,-0.4838204312568614,-0.0997638714188766,-0.006296011683472955,-0.009041495974080547,0.0010433715782042466,-0.0002908430467853421,0.0,-0.000977453374852999,0.002502075211294752,-0.1590891969653967,0.002147981216289452,-1.6404760971422405e-05,-16.72854246193495,-0.21205640403430692,-0.201801425008739,-0.24193751513548278,0.01924539555507465,-0.004986784595416793,368.3484214811169,-21.200549340912644,18.22139814822954,290.4105176185443,476.84842955646934,108.4652736584858,1000.0,-167.564380889057,-24.839397287896567,3.951833893585258,6.446040296972842,2.1082650258918285,0.06700000000000005
0.6233433243133525,-0.6993327586894348,-0.3489144625727317,0.13914986887541145,-0.48377653150013117,0.698132052495235,-0.5008025489518542,-0.09997245843723035,-0.0064915285239104045,-0.009317791573203244,0.001060204454585576,-0.00029311298403749363,0.0,-0.0023568921397529863,0.006031756891900386,-0.32032540067925197,0.002058228895311487,-1.3123808773496393e-05,-16.982117694992784,-0.20858701835374305,-0.195516840437449,-0.2762955991226974,0.016832876381329243,-0.0022699372521515215,283.089988692507,-7.551091139356925,-85.75536119239135,325.33125779598157,472.4217806157559,110.28981830420071,1000.0,-150.64192064181927,-24.867451017675414,4.076719143650643,6.686128863877018,2.048428173938577,0.06800000000000005
0.6233433243133525,-0.6993374093651785,-0.34890256738376074,0.13856160621126537,-0.4837745574818005,0.6981320419961881,-0.5180444795596875,-0.10017784634412256,-0.006676510291741992,-0.009648205628707671,0.001074351178219092,-0.0002924640769475829,-2.220446049250313e-16,-0.004650675743704369,0.011895188970948212,-0.588262664146086,0.0019740183307113135,-1.0499047009560059e-05,-17.241930607833325,-0.20538790689221642,-0.18498176783158726,-0.33041405550442704,0.01414672363351599,0.0006489070899107219,141.4884649835285,10.205727259953722,-261.3537166882367,386.26936801133917,469.47053116584624,111.93279445331238,1000.0,-133.9511901498547,-24.916227579624064,4.264488657541185,6.94786147269625,1.9767503556123756,0.06900000000000005
0.6233433243133525,-0.6993465845242798,-0.34887912444769276,0.1374449584915599,-0.4837726629503534,0.6981320335969504,-0.5355516428172669,-0.10038031125706758,-0.00683999218358116,-0.010083213659814155,0.001085526587861966,-0.0002887003298109519,0.0,-0.00917515910123079,0.023442936068006404,-1.1166477197054547,0.0018945314470815156,-8.399237616529831e-06,-17.50716325757936,-0.20246491294500402,-0.16348189183916872,-0.43500803110648434,0.011175409642874001,0.0037637471366309683,-136.16134973020488,40.57097397133658,-612.0789463935206,511.0495950125181,467.62659131144835,113.55366307314019,1000.0,-117.51589212003482,-25.029715092476625,4.624047609470229,7.230026179426862,1.893467074680376,0.07000000000000005
0.6233433243133525,-0.6993498696269259,-0.34788957126479153,0.13683258240529136,-0.48377084405734055,0.6981320268775604,-0.5533287932895047,-0.10058013741461606,-0.006983050589048148,-0.010465429202970212,0.0010934386785576918,-0.00028163823762284465,1.1102230246251565e-16,-0.0032851026460942734,0.9895531829012416,-0.6123760862685401,0.0018188930128615333,-6.719390088782973e-06,-17.777150472237782,-0.19982615754848965,-0.1430584054669879,-0.38221554315605744,0.007912090695725738,0.007062092188107272,-419.2512851952411,63.5822415589169,-1000.0,685.656753188259,466.7079241901167,115.21881390159095,1000.0,-101.31065742868105,-25.175868795890814,5.006076094232351,7.530987632960985,1.7992229837509344,0.07100000000000005
0.623489314223881,-0.699423274901808,-0.34788957126479153,0.13474526684632618,-0.48376909779153976,0.6981320215020483,-0.5713801220791269,-0.10077761450524642,-0.0071242758424278785,-0.011096031515843135,0.001097795200726398,-0.0002711146387389519,0.14598991052851185,-0.07340527488207016,-1.7763568394002505e-15,-2.087315558965173,0.0017462658008113863,-5.375512079464073e-06,-18.051328789622254,-0.19747709063035757,-0.14122525337973002,-0.6306023128729237,0.0043565221687060784,0.01052359888389276,-1000.0,94.34885183218134,-952.4656704273169,558.9369673466259,466.5885127836357,116.97172956501988,1000.0,-85.31826276235299,-25.70139455006364,4.579222098794848,7.848957296491834,1.694612571149636,0.07200000000000005
0.6238643982852584,-0.6994879567570291,-0.34788957126479153,0.13289775723689548,-0.48376742196556866,0.6981320172016386,-0.58970933269329,-0.10097303557671347,-0.007293568789711302,-0.01164717761381579,0.0010983120742228776,-0.00025699561141581884,0.37508406137740513,-0.06468185522112258,0.0,-1.847509609430702,0.001675825971082734,-4.300409673252403e-06,-18.329210614163078,-0.19542107146705234,-0.1692929472834237,-0.551146097972655,0.000516873496479775,0.014119027323133082,-1000.0,66.1143083765876,-451.2894395060922,444.7000669903508,467.17386015816095,118.84270608583502,1000.0,-69.52608536126291,-26.447181207921535,3.7826647489382186,8.181809700763418,1.5802564385038569,0.07300000000000005
0.6244776339026846,-0.6995444188834143,-0.34788957126479153,0.13127641970302076,-0.4837658152198551,0.698132013761311,-0.6083197011952622,-0.10116669526021833,-0.0074849060725613445,-0.01213213002213188,0.0010947238393595766,-0.00023918634317976885,0.6132356174261746,-0.05646212638518122,0.0,-1.6213375338747227,0.0016067457135471308,-3.440327733805759e-06,-18.610368501972296,-0.1936596835048583,-0.1913372828500428,-0.4849524083160901,-0.003588234863300954,0.017809268236050002,-1000.0,11.482131948201024,-269.9121640976989,401.8611082604079,468.3888382071921,120.85359448324839,1000.0,-53.92425762163362,-26.336268982747622,3.3675236534137767,8.526946757409934,1.4568580699434763,0.07400000000000005
0.6253290352853789,-0.699593934076728,-0.34788957126479153,0.12984618860225458,-0.483764277038137,0.6981320110090488,-0.6272141258924293,-0.1013588881632057,-0.007692845977640374,-0.01256648402486413,0.001086796234941846,-0.00021764173489033711,0.8514013826942661,-0.049515193313663275,3.552713678800501e-15,-1.4302311007661643,0.0015381817181250312,-2.7522621963704808e-06,-18.894424697167096,-0.19219290298735814,-0.20793990507903004,-0.434354002732249,-0.00792760441773055,0.02154460828943172,-1000.0,-40.61436724112599,-98.00033990728241,354.8395217751952,470.17133399660935,123.02016335398812,1000.0,-38.50478217188841,-26.24670585393134,2.990301861863314,8.881192106318638,1.3252522079964177,0.07500000000000005
0.6264037284094118,-0.6996387521196018,-0.34788957126479153,0.12854436622171753,-0.48376280776976294,0.698132008807239,-0.6463951694390839,-0.10154990736076058,-0.007912158616664201,-0.012969522008838948,0.0010743408023340662,-0.00019237730389197482,1.074693124032954,-0.04481804287379987,0.0,-1.3018223805370468,0.001469268374071131,-2.2018097567411132e-06,-19.18104354665458,-0.19101919755489138,-0.21931263902382625,-0.40303798397481927,-0.012455432607779926,0.025264430998362286,-1000.0,-88.38654914395826,5.885883543203851,321.01104373054534,472.4687337425933,125.35325736809422,1000.0,-23.261107522340758,-26.14528989985317,2.7745867938328264,9.24071095793922,1.1864512424310352,0.07600000000000005
0.627693836797497,-0.6996802982593565,-0.34788957126479153,0.12733118234322724,-0.48376140865464684,0.6981320070457913,-0.6658650950518263,-0.10174004295580756,-0.008139669777107913,-0.013353536951530314,0.0010572311477317156,-0.00016347972622068738,1.2901083880852315,-0.041546139754670364,0.0,-1.213183878490284,0.0013991151160994697,-1.7614478098337827e-06,-19.469925612742394,-0.19013559504697275,-0.22751116044371145,-0.3840149426913655,-0.017109654602350588,0.028897577671287422,-1000.0,-127.56019783336968,76.37422464004673,297.3667882769825,475.2358212436326,127.8593368496581,1000.0,-8.18792403803812,-26.080880387809415,2.635731264326384,9.600959858413825,1.041692015157726,0.07700000000000005
0.6291933158292279,-0.699719677025969,-0.34788957126479153,0.12617575482026896,-0.48376008184707187,0.698132005636633,-0.6856258979292091,-0.1019295806994169,-0.008373275418334374,-0.013727573661308829,0.0010354201457889501,-0.00013111612117477166,1.4994790317309166,-0.03937876661254158,0.0,-1.155427522958277,0.001326807574975053,-1.4091582571928996e-06,-19.760802877382844,-0.18953774360934594,-0.2336056412264611,-0.37403670977851533,-0.02181100194276553,0.03236360504591573,-1000.0,-161.60255636717545,119.60278509025545,281.37752682940464,478.4334029424355,130.54069031766525,1000.0,6.718934867163693,-26.02999410878852,2.5597599335304646,9.956675941816112,0.8924827982250624,0.07800000000000006
0.6308997009842242,-0.6997575790684831,-0.34788957126479153,0.12505877671530938,-0.4837588304348437,0.6981320045093065,-0.7056793326390864,-0.10211880067215527,-0.008611801602989402,-0.014097271595799148,0.0010089569489967999,-9.554096147540889e-05,1.706385154996278,-0.03790204251411389,0.0,-1.1169781049595855,0.0012514122281981344,-1.1273266098399404e-06,-20.05343470987726,-0.18921997273836144,-0.23852618465502928,-0.3696979344903184,-0.026463196792150256,0.03557515969936276,-1000.0,-191.5417958135722,147.30290483081808,270.4601745702324,482.0273244257084,133.3954657672436,1000.0,21.462541426281184,-25.992060991913547,2.5186342301359765,10.301917656768415,0.7406478631817697,0.07900000000000006
0.632812407066552,-0.6997944627815041,-0.34788957126479153,0.12396743998858936,-0.4837576584507217,0.6981320036074452,-0.7260269370445692,-0.10230797602884849,-0.008854605205089214,-0.014466306391337395,0.0009780022179846839,-5.7099331811089364e-05,1.9127060823277757,-0.03688371302102844,0.0,-1.0913367267200158,0.001171984121979719,-9.018612967537365e-07,-20.34760440548278,-0.18917535669321905,-0.2428036020998121,-0.3690347955382478,-0.0309547310121161,0.03844162966431952,-1000.0,-218.92562314538432,164.5323430697283,262.8791303914598,485.98771267356597,136.4175937735662,1000.0,36.044898455499855,-25.959090427390375,2.500675945238104,10.630168687891704,0.5883645528730781,0.08000000000000006
0.6349323586955372,-0.6998306109214192,-0.34788957126479153,0.12289386254027733,-0.48375657087373675,0.6981320028859561,-0.7466700532143385,-0.10249737180372274,-0.009101394149488726,-0.014836939609307518,0.0009428395808203647,-1.6225211824563235e-05,2.1199516289853,-0.036148139915061606,0.0,-1.0735774483120366,0.0010875769849700845,-7.214890458406842e-07,-20.643116169769314,-0.18939577487425474,-0.24678894439951193,-0.3706332179701235,-0.03516263716431922,0.040874119986526125,-1000.0,-244.56005440932893,175.55853038292724,257.3996663574981,490.28836009977505,139.59663973128022,1000.0,50.46695313360384,-25.928367783998727,2.495991079224097,10.934513405380674,0.438185050788447,0.08100000000000006
0.6372613402035959,-0.6998662018315168,-0.34788957126479153,0.121833090692222,-0.48375557361900023,0.6981320023087649,-0.7676098456731856,-0.1026872437616837,-0.009352071558978962,-0.01521059028167134,0.0009038810703434195,2.656641593213608e-05,2.3289815080587304,-0.035590910097631934,0.0,-1.0607718480553245,0.0009972547365140194,-5.771912281460345e-07,-20.93979245884706,-0.1898719579609498,-0.25067740949023687,-0.3736506723638229,-0.03895851047694521,0.04279162775669931,-1000.0,-269.07531134875796,182.66919513494926,253.240734751479,494.9062061419386,142.91760566206224,1000.0,64.72860577747119,-25.89730117398739,2.4994285895530104,11.207885302788933,0.2930325445122568,0.08200000000000006
0.6398016887539179,-0.6999013456814168,-0.34788957126479153,0.12078208340696207,-0.483754673515895,0.698132001847012,-0.7888473172797339,-0.10287783726603981,-0.00960665124344922,-0.015588138220461442,0.000861664304697473,7.069448837439866e-05,2.5403485503218874,-0.035143849900000745,0.0,-1.051007285259928,0.0009001031051969477,-4.617529913986118e-07,-21.237471606548368,-0.1905935043561211,-0.2545796844702579,-0.3775479387901015,-0.04221676564594645,0.04412807244226258,-1000.0,-292.83534181663583,187.41367287262167,249.9020287616518,499.82089162819085,146.36069528388984,1000.0,78.82871692516777,-25.86480976429894,2.50754824126369,11.443379697453356,0.15616010114350223,0.08300000000000006
0.642556046710106,-0.6999361117927193,-0.34788957126479153,0.11973894435334918,-0.4837538782759516,0.6981320014776096,-0.8103833229650242,-0.10306938611608649,-0.009865201338719813,-0.01597014150050475,0.0008168395880174189,0.00011553408175002603,2.7543579561882114,-0.03476611130245644,0.0,-1.0431390536128902,0.000795239943380377,-3.6940239755978155e-07,-21.536005685290398,-0.19154885004667221,-0.2585500952705928,-0.38200328004330686,-0.044824716680054166,0.04483959337562737,-1000.0,-316.07959600237376,190.68105451872918,247.07660343494996,505.0143709072442,149.90105489893824,1000.0,92.76511509513357,-25.830278468736193,2.518453201776122,11.634609600835015,0.031061585090582516,0.08400000000000006
0.6455272248372395,-0.6999705441826352,-0.34788957126479153,0.11870248518951419,-0.4837531964529769,0.6981320011820876,-0.8322185815270542,-0.10326211129386788,-0.010127813045861116,-0.016356961044469397,0.0007701459877507546,0.00016044537878577927,2.971178127133452,-0.034432389915854955,0.0,-1.0364591638349907,0.0006818229747582727,-2.9552191804782524e-07,-21.83525856202997,-0.19272517778139076,-0.26261170714130344,-0.38681954396464846,-0.04669360026666425,0.04491129703575325,-1000.0,-338.9492917183204,193.02834127429725,244.57563350424715,510.4705717155398,153.50850451251574,1000.0,106.53460768713474,-25.79355907636225,2.5310008275142675,11.776071349943333,-0.0786713983057935,0.08500000000000006
0.648718111960197,-0.7000046716761047,-0.34788957126479153,0.11767194125491158,-0.48375263739876057,0.6981320009456701,-0.8543536856531807,-0.10345621955351594,-0.01039458224150941,-0.016748839838484977,0.0007223767709113703,0.00020480784990506464,3.1908871229575113,-0.03412749346948374,0.0,-1.030543934602619,0.0005590542163256274,-2.364175299973681e-07,-22.135104126126564,-0.19410825964805944,-0.26676919564829404,-0.39187879401558234,-0.0477692168393844,0.044362471119285374,-1000.0,-361.53167581962884,194.7831722009412,242.2848158612264,516.1750954231761,157.14727622475033,1000.0,120.13299816518443,-25.754702458234462,2.54456456758889,11.863477426127766,-0.16954368724859947,0.08600000000000006
0.6521316233565478,-0.7000385138307421,-0.34788957126479153,0.11664680514226895,-0.4837522112176263,0.698132000756536,-0.8767891103350084,-0.1036519017944148,-0.010665599824983715,-0.01714594908241461,0.0006743362086248113,0.0002480570799609424,3.4135113963508537,-0.03384215463741569,0.0,-1.0251361126426275,0.0004261811342720634,-1.8913401955700238e-07,-22.435424681827634,-0.19568224089885433,-0.27101758347430405,-0.3971092439296342,-0.04804056228655895,0.043249230055877774,-1000.0,-383.87846983315,196.14546198661765,240.13474270265488,522.1149518259219,160.77577820151257,1000.0,133.5551135660774,-25.713888417334864,2.5587947584184025,11.894011085403992,-0.23838683475018232,0.08700000000000006
0.655770669464958,-0.7000720845851651,-0.34788957126479153,0.11562672431857712,-0.48375192872206735,0.6981320006052288,-0.8995252198480255,-0.10384933118535022,-0.010940946844582739,-0.017548416123147684,0.0006267914227425309,0.00028972073840063077,3.6390461084100982,-0.03357075442302104,0.0,-1.0200808236918277,0.0002824955589604272,-1.513072107606206e-07,-22.73610951301709,-0.19742939093542589,-0.27534701959902463,-0.4024670407330717,-0.047544785882280394,0.041663658439688334,-1000.0,-406.0209980659768,197.23473442282847,238.08332749465254,528.2783235924161,164.34640047213034,1000.0,146.79484718594355,-25.67134737661243,2.573510478124586,11.866463294899411,-0.2825976196812081,0.08800000000000006
0.659638138199386,-0.7001053944170778,-0.34788957126479153,0.11461144071854992,-0.4837518013898374,0.6981320004841831,-0.9225622734877105,-0.10404866105201611,-0.011220692505818305,-0.01795634077017345,0.0005804243154618435,0.0003294495371591481,3.867468734427952,-0.03330983191258241,0.0,-1.0152836000272032,0.00012733222991245796,-1.2104577340465994e-07,-23.03705363968498,-0.19932986666588448,-0.279745661235566,-0.4079246470257658,-0.04636710728068749,0.039728798758517314,-1000.0,-427.97807988852765,198.12398856133194,236.10480536531563,534.6543561584009,167.80537218663395,1000.0,159.8452217034427,-25.627328246401397,2.588622506399178,11.78122740441831,-0.30034774259744473,0.08900000000000007
0.6637368848867843,-0.7001384516472162,-0.34788957126479153,0.11360075437211932,-0.4837518413205417,0.6981320003873465,-0.945900430279888,-0.10425002260142995,-0.011504893735615992,-0.018369804986993105,0.000535789368972391,0.0003670388275393734,4.098746687398291,-0.033057230138446414,0.0,-1.010686346430603,-3.993070427110723e-05,-9.683662760551215e-08,-23.338156792177582,-0.2013615494138321,-0.2842012297976879,-0.41346421681965495,-0.04463494648945243,0.03758929038022529,-1000.0,-449.7612962764652,198.85790223516796,234.18320649050239,541.2329694190545,171.09266902796273,1000.0,172.69847773834448,-25.582075761277473,2.6040933660109644,11.640149020650362,-0.2907263772933717,0.09000000000000007
0.6680697268785627,-0.7001712632177436,-0.34788957126479153,0.11259450181232426,-0.48375206118755415,0.6981320003098772,-0.9695397529090669,-0.10445352262533136,-0.011793595595028149,-0.018788878593881873,0.0004932829991738885,0.000402436915038534,4.332841991778371,-0.03281157052736816,0.0,-1.0062525597950582,-0.00021986701245602092,-7.746929764351762e-08,-23.63932262917894,-0.20350002390141242,-0.2887018594121571,-0.41907360688876594,-0.04250636979850242,0.035398087499160624,-1000.0,-471.37794418560117,199.46442140578256,232.30840983711366,548.0046880938637,174.14195632884378,1000.0,185.34619175340742,-25.53582049630073,2.6199125344921157,11.446253613790812,-0.2537864849792154,0.09100000000000007
0.6726394408097167,-0.7002038351637577,-0.34788957126479153,0.11159254309515043,-0.48375247417950806,0.6981320002479018,-0.9934802111270565,-0.10465924138706832,-0.012086832105455497,-0.019213622684501035,0.0004531291194542775,0.00043573733085270163,4.569713931154018,-0.03257194601412472,0.0,-1.0019587171738351,-0.0004129919538868876,-6.19754469965983e-08,-23.940458217989658,-0.20571876173695358,-0.29323651042734866,-0.4247440906191642,-0.04015387971961104,0.03330041581416765,-1000.0,-492.83285636769233,199.96134655147378,230.47380877877654,554.9604881017334,176.88054205424885,1000.0,197.77942530682088,-25.48877364886817,2.6360831430413696,11.203397195366486,-0.1904847178847216,0.09200000000000007
0.6774487613993774,-0.70023617290025,-0.34788957126479153,0.11059475398414605,-0.48375309392496196,0.6981320001983214,-1.0177216849083788,-0.10486723093651415,-0.012384627252738225,-0.01964409170692229,0.000415383704208739,0.0004671542119296376,4.809320589660667,-0.032337736492232594,0.0,-0.99778911100438,-0.0006197454539171865,-4.958036203817073e-08,-24.24147378132217,-0.20798954944582704,-0.29779514728272716,-0.4304690224212564,-0.03774541524553854,0.031416881076935965,-1000.0,-514.1294442602644,200.36034534560065,228.6749196318234,562.091656784494,179.22930924399503,1000.0,209.98890510859616,-25.441125463651062,2.6526143787574363,10.915900669687783,-0.10252870281087997,0.09300000000000007
0.6825003811064636,-0.7002682814001032,-0.34788957126479153,0.10960102117019133,-0.48375393439406505,0.6981320001586572,-1.0422639676031555,-0.10507751409942409,-0.012686996036216397,-0.02008033478275561,0.0003799586619546063,0.0004969824788348788,5.0516197070862825,-0.03210849985321573,0.0,-0.9937328139547219,-0.0008404691030876599,-3.9664294071428685e-08,-24.542282694776762,-0.21028316290993487,-0.30236878347817253,-0.43624307583331756,-0.03542504225413268,0.029828266905241207,-1000.0,-535.270316715352,200.6692935017722,226.9085583664321,569.3896653295259,181.10260488541775,1000.0,221.96523049303846,-25.39304526545155,2.669517516740471,10.588232016626266,0.0078328153211224,0.09400000000000007
0.6877969502544912,-0.7003001653066951,-0.34788957126479153,0.10861123930159734,-0.48375500977169833,0.6981320001269258,-1.0671067692988714,-0.10529008434065236,-0.012993945494483183,-0.02052239658877897,0.00034666256258317966,0.0005255473166770187,5.296569148027618,-0.03188390659191853,0.0,-0.9897818685939797,-0.0010753776333012333,-3.1731439698035047e-08,-24.842801695715796,-0.21257024122827417,-0.30694945826678577,-0.44206180602336076,-0.033296099371426635,0.028564837842139923,-1000.0,-556.2576348608688,200.8936853987695,225.17235045582484,576.846052370416,182.40808471913462,1000.0,233.69910221748512,-25.344682427169563,2.686803863377595,10.224790251424285,0.13802960121351432,0.09500000000000007
0.6933410773982889,-0.7003318290072613,-0.34788957126479153,0.10762530909097465,-0.48375633429707215,0.6981320001015406,-1.0922497205401112,-0.10550490660426992,-0.013305475674304387,-0.02097031798952383,0.00031525311746652857,0.0005531499712189699,5.544127143797651,-0.03166370056616152,0.0,-0.9859302106226977,-0.001324525373840757,-2.538516041816763e-08,-25.142951241239754,-0.21482226361756318,-0.31153017982120446,-0.4479214007448604,-0.031409445116651113,0.02760265454195121,-1000.0,-577.0933174625577,201.03747499850022,223.46443832778496,584.4523184714769,183.04655068984653,1000.0,245.18156438703107,-25.296167701766464,2.7044838043242034,9.829821951822879,0.28535464112440856,0.09600000000000007
0.6991353298055502,-0.7003632766823076,-0.34788957126479153,0.10664313607196779,-0.4837579220647229,0.6981320000812326,-1.117692376475757,-0.10572191910105833,-0.013621580529211511,-0.021424136526475998,0.0002854942407080075,0.0005800183247503398,5.794252407261297,-0.03144767504622692,0.0,-0.9821730190068507,-0.001587767650736982,-2.0308132953061886e-08,-25.442655935645774,-0.21701249678840995,-0.3161048549071239,-0.4538185369521699,-0.02975887675852107,0.02686835353136985,-1000.0,-597.779157146374,201.1035887008048,221.78330477191886,592.1998319253073,182.9118639195778,1000.0,256.4042500936435,-25.247614674811015,2.7225664234483795,9.407469259110151,0.4470861662815642,0.09700000000000007
0.7051822339818413,-0.7003945123401886,-0.34788957126479153,0.1056646297528502,-0.48375978678145426,0.698132000064986,-1.1434342214175401,-0.1059410358720339,-0.013942248744763998,-0.021883886823272077,0.0002572094778754946,0.0006062704466943088,6.0469041762912195,-0.03123565788096805,0.0,-0.9785063191175993,-0.0018647167313332602,-1.6246515244233706e-08,-25.741844941783125,-0.21911677097557458,-0.32066821555248737,-0.4597502967960807,-0.02828476283251291,0.026252121943969087,-1000.0,-618.3168856312743,201.0942411301304,220.12766481548283,600.0797468303266,181.89106078065043,1000.0,267.3596210880623,-25.19912118468239,2.7410594178227976,8.961915021057147,0.6205442749829884,0.09800000000000007
0.7114842762008581,-0.7004255398422572,-0.34788957126479153,0.10468970301834486,-0.48376194147387536,0.6981320000519888,-1.169474673717538,-0.10616214984043168,-0.014267464492930128,-0.02234960093929947,0.000230323922577614,0.000631897063147035,6.302042219016807,-0.031027502068594615,0.0,-0.9749267345053312,-0.002154692421095561,-1.2997203535647373e-08,-26.040452299997906,-0.22111396839777342,-0.32521574816612997,-0.4657141160273923,-0.026885555297880614,0.025626616452726125,-1000.0,-638.7082092747029,201.01113494649337,218.49639796837883,608.0829344801101,179.86483112502006,1000.0,278.04119227350066,-25.150770646091065,2.759969145886977,8.497565241677156,0.8031027590967265,0.09900000000000007
0.7180439030203305,-0.7004563629218399,-0.34788957126479153,0.10371827169123572,-0.4837643981430318,0.698132000041591,-1.1958130908201563,-0.10638513600593244,-0.014597208120477344,-0.022821308689089135,0.00020488855660284185,0.0006567650610779324,6.559626819472474,-0.030823079582669166,0.0,-0.9714313271091441,-0.002456669156455593,-1.0397771310621806e-08,-26.33841710261827,-0.22298616550075678,-0.32974362754721653,-0.47170774978966534,-0.02543536597477214,0.024867997930897445,-1000.0,-658.9548277150678,200.85559071145596,216.88850445451834,616.1999285784266,176.7085280179247,1000.0,288.4437326932799,-25.102633248529507,2.779300724693694,8.019199302907564,0.9921888759220933,0.10000000000000007
0.7248635217746242,-0.7004869851990153,-0.34788957126479153,0.10275025420093886,-0.4837671673670439,0.6981320000332728,-1.2224487743259578,-0.10660985445087685,-0.014931456777127263,-0.023299037936438883,0.0001810839973070871,0.0006806397773985381,6.8196187542937405,-0.03062227717540722,0.0,-0.9680174902968588,-0.002769224012093563,-8.318213007285635e-09,-26.635683505801584,-0.22471844494440774,-0.334248656649919,-0.47772924734974964,-0.023804559295754757,0.02387471632060567,-1000.0,-679.0584428867033,200.628634502523,215.30307579775086,624.4208838257875,172.29386728813012,1000.0,298.56343568834467,-25.054767025857114,2.7990581310613356,7.532028369710686,1.1853004724517862,0.10100000000000008
0.7319455010409255,-0.7005174101924243,-0.34788957126479153,0.10178557132691396,-0.4837702578593473,0.6981320000266182,-1.2493809749210698,-0.10683615291350881,-0.015270184989255593,-0.023782814867626567,0.0001592043019802277,0.0007032202250695563,7.081979266301251,-0.030424993408967538,0.0,-0.964682874024902,-0.003090492303389869,-6.654565787300726e-09,-26.93220059511203,-0.2262984626319664,-0.3387282121283306,-0.48377693118768406,-0.021879695326859405,0.022580447671018078,-1000.0,-699.0207626624078,200.33105936309246,213.7392741323708,632.7355463126764,166.49145033430034,1000.0,308.3980520507058,-25.007218803301754,2.819244285607581,7.041629470342193,1.3800542337225539,0.10200000000000008
0.7392921710790586,-0.7005476413288914,-0.34788957126479153,0.10082414599703564,-0.4837736759974315,0.6981320000212946,-1.2766088970683147,-0.10706386881182833,-0.015613365184474003,-0.02427266424559777,0.00013962491758792635,0.0007241795919084368,7.346670038133118,-0.030231136467065767,0.0,-0.961425329878324,-0.0034181380841746822,-5.323652629840581e-09,-27.22792214724491,-0.22771589831952355,-0.3431801952184088,-0.4898493779712041,-0.019579384392301336,0.020959366838880555,-1000.0,-718.8435015460082,199.96347023616235,212.19631692321684,641.1332333470772,159.17421467675297,1000.0,317.9469813728305,-24.960025034881074,2.839861110721422,6.553758425122156,1.5742596149680086,0.10300000000000008
0.7469058242465813,-0.700577681951371,-0.34788957126479153,0.09986590312824217,-0.48377742534262247,0.6981320000170357,-1.3041317034103164,-0.10729283073653144,-0.015960968171841724,-0.02476860964575755,0.00012276125707025483,0.00074320361823399,7.613653167522611,-0.030040622479639012,0.0,-0.9582428687934623,-0.0037493451909695885,-4.258926544764563e-09,-27.522806342001754,-0.22896192470310694,-0.347602987367722,-0.4959454001597763,-0.01686366051767152,0.019024026325553223,-1000.0,-738.5283798079951,199.5263181096234,210.6734651385037,649.602820104414,150.2218894392432,1000.0,327.2113185309229,-24.91321254530774,2.8609095604430115,6.074077571212474,1.7659994288347012,0.10400000000000008
0.7547887153915468,-0.700607535325568,-0.34788957126479153,0.0989107695011001,-0.4837815061737653,0.6981320000136285,-1.331948518885439,-0.10752285953862803,-0.016312963581764064,-0.025270673673348475,0.00010902521885430201,0.0007600213692378035,7.882891144965592,-0.029853374196948224,0.0,-0.9551336271420752,-0.004080831142855512,-3.4071412358116504e-09,-27.816815475122503,-0.23002880209659082,-0.35199540992233835,-0.5020640275909258,-0.013736038215952817,0.01681775100381344,-1000.0,-758.0771218429653,199.01992688041847,209.17001370965403,658.1327307919511,139.52650534226052,1000.0,336.1938542403314,-24.866799191597664,2.8823896233768993,5.607854127696331,1.9536949340555123,0.10500000000000008
0.7629430622255756,-0.7006372046454806,-0.34788957126479153,0.09795867366250226,-0.4837859150564258,0.6981320000109028,-1.3600584345930258,-0.10775376919591713,-0.016669320268963714,-0.025778878162119333,9.878621066812639e-05,0.0007744255790595375,8.154346834028866,-0.02966931991270272,0.0,-0.9520958385978417,-0.004408882660511093,-2.725708547757222e-09,-28.109915707586723,-0.23090965728910362,-0.35635668719964997,-0.5082044887708577,-0.010239008186175624,0.01440420982173407,-1000.0,-777.491454190495,198.44451506769678,207.68528357356374,666.7109327377706,126.99897252614234,1000.0,344.89903055663484,-24.820794458720858,2.9043003014100135,5.159687432557489,2.1361395229941085,0.10600000000000008
0.7713710456798845,-0.700666693038052,-0.34788957126479153,0.09700954585233995,-0.4837906444657605,0.6981320000087222,-1.3884605114597108,-0.10798536764900846,-0.017030006681275505,-0.0262932443538433,9.234131153052101e-05,0.0007862822676274832,8.427983454308803,-0.029488392571275668,0.0,-0.9491278101623095,-0.004729409334657042,-2.1805668382057775e-09,-28.402076866685018,-0.23159845309132265,-0.360686412311793,-0.5143661917239655,-0.0064448991376053755,0.011856688567945639,-1000.0,-796.7731034542903,197.800213759991,206.21861486546632,675.3249326147022,112.57668410003375,1000.0,353.33285373151705,-24.775200002802034,2.92663956742145,4.733310097373225,2.3124957897302822,0.10700000000000008
0.7800748102467991,-0.700696003567069,-0.34788957126479153,0.0960633179509916,-0.4837956819723439,0.6981320000069777,-1.417151424942756,-0.10821742790259137,-0.017394991196390104,-0.026813793058194157,8.989692152018177e-05,0.0007955299234665306,8.703764566914737,-0.02931052901704234,0.0,-0.946227901348351,-0.005037506583448259,-1.7444490296725235e-09,-28.690913483045147,-0.23206025358290816,-0.3649845151145996,-0.5205487043508583,-0.002444390010339248,0.009247655839047297,-1000.0,-815.9237942448992,197.08708167452093,204.7693609879868,686.3676899600994,93.87122787525182,1000.0,361.04287454667804,-24.730010154962795,2.9494043052371333,4.341174397465987,2.475950397291246,0.10800000000000008
0.7890564541997336,-0.7007251401109518,-0.34788957126479153,0.09511989770363917,-0.4838010113054964,0.6981320000055822,-1.4461285919513254,-0.10844976408106974,-0.017764241430931443,-0.027340550275245134,9.155831526399834e-05,0.0008021781885956459,8.98164395293443,-0.0291365438828457,0.0,-0.9434202473524351,-0.005329333152494176,-1.3955504529761242e-09,-28.977167008569474,-0.23233617847837706,-0.3692502345413402,-0.526757217050978,0.001661393743816575,0.006648265129115316,-1000.0,-834.945747554172,196.29707442455378,203.34537328186153,696.6194796351976,74.15154331809714,1000.0,368.6520077526634,-24.685189124321965,2.972667971182074,3.9728973718206153,2.634013738458479,0.10900000000000008
0.798318013014039,-0.7007541087501665,-0.34788957126479153,0.09417912771480957,-0.483806611328046,0.6981320000044657,-1.4753900793024632,-0.10868218460781107,-0.018137723159330484,-0.027873555603704366,9.733657364494104e-05,0.0008062923815013635,9.26155881430546,-0.028968639214740577,0.0,-0.9407699888296008,-0.005600022549592687,-1.1164403845853599e-09,-29.261487351137866,-0.23242052674132196,-0.37348172839904237,-0.5330053284592324,0.005778258380942702,0.004114192905717573,-1000.0,-853.8403421531726,195.40081122543884,201.9669547379389,706.1423592597235,53.380820008686825,1000.0,376.16660855173683,-24.640676133456786,2.9965973366645833,3.6294043506834814,2.786663381612823,0.11000000000000008
0.8078614980941584,-0.7007829142819405,-0.34788957126479153,0.09324088792141333,-0.4838124559734377,0.6981320000035726,-1.5049341623373578,-0.10891448959905281,-0.018515405116474676,-0.02841283942542906,0.00010715750557403976,0.0008079812648012267,9.543485080119371,-0.028805531774025894,0.0,-0.9382397933962494,-0.005844645391702041,-8.931522188504459e-10,-29.544083034894598,-0.2323049912417403,-0.3776819571441905,-0.5392838217246947,0.00982093192909872,0.0016888832998631642,-1000.0,-872.6048464911636,194.39044234061976,200.619346024144,715.3873690489985,31.229542965549694,1000.0,383.5140496263945,-24.596526059222885,3.02100028145778,3.3125734818188826,2.9328811635249386,0.11100000000000008
0.8176888967767433,-0.7008115603937402,-0.34788957126479153,0.092305090748083,-0.48381851448949004,0.698132000002858,-1.5347595934045528,-0.1091464829199512,-0.018897258557196872,-0.028958424941105457,0.00012087449812121361,0.0008073854445427303,9.827398682584846,-0.028646111799607965,0.0,-0.9357971733303287,-0.006058516052346974,-7.145173341882582e-10,-29.82543106719502,-0.23199332089839686,-0.38185344072219607,-0.5455855156764002,0.013716992547173845,-0.0005958202584963601,-1000.0,-891.2445776181839,193.29346174281613,199.29416095201802,724.086483060175,8.091360514204004,1000.0,390.7586404175613,-24.552706190008905,3.045810805737412,3.0207632772443898,3.073669182177545,0.11200000000000009
0.8278021654127926,-0.7008400503225125,-0.34788957126479153,0.0913716618647225,-0.4838247515906997,0.6981320000022864,-1.5648651686517987,-0.10937796513623484,-0.019283256360744867,-0.029510332999324124,0.00013828416919998016,0.0008046654438302299,10.11326863604931,-0.028489928772305717,0.0,-0.9334288833605058,-0.006237101209698892,-5.716094264585081e-10,-30.105575247245802,-0.23148221628363075,-0.38599780354799407,-0.5519080582186646,0.017409671078766564,-0.0027200007125003367,-1000.0,-909.7649885572664,192.1158648567982,197.98705628186707,732.6693721665653,-16.16484545883412,1000.0,397.8298046178167,-24.509162449896404,3.0710107662428787,2.754843056569929,3.208091909980365,0.11300000000000009
0.8382032286341078,-0.7008683869805216,-0.34788957126479153,0.09044053660791902,-0.48383112793081806,0.6981320000018291,-1.5952496164297862,-0.10960874037935397,-0.01967337295892967,-0.030068583099257407,0.00015914102460090203,0.0007999924995911543,10.401063221315152,-0.028336658009084914,0.0,-0.9311252568034689,-0.0063763401183485335,-4.5727877040491194e-10,-30.384447777987507,-0.23077524311913322,-0.3901165981848038,-0.5582500999332822,0.02085685540092186,-0.004672944239075605,-1000.0,-928.1689652945267,190.86415294224255,196.69526363395272,741.240780571673,-41.276191673673246,1000.0,404.71739942575704,-24.46585427459229,3.096577982547803,2.5141312300428313,3.3360392164896897,0.11400000000000009
0.8488939780525588,-0.7008965731068855,-0.34788957126479153,0.089511655614693,-0.5010681071839392,0.6966025963234689,-1.5903589585028084,-0.08530172293005499,-0.02006758425262404,-0.030633194437698796,1.1159106844732612e-05,0.0010043812889736175,10.690749418451066,-0.028186126363868524,0.0,-0.9288809932260165,-17.2369792531212,-1.5294036783601483,4.89065792697793,24.30701744929899,-0.3942112936943687,-0.564611338441388,-0.14798191775616942,0.2043887893824632,-1000.0,-946.4590581477028,189.54049434974317,195.41703841697188,1000.0,1000.0,-1000.0,-1000.0,-24.422735642390926,3.122497820371828,19.38873285585996,-9.198158161165562,0.11500000000000009
0.8598762721130647,-0.7009246113161229,-0.34788957126479153,0.08858496348370759,-0.5225783603191787,0.6960471483555015,-1.586446432161226,-0.06787657888253631,-0.020465867663066073,-0.031204186189303505,-9.577500526847574e-05,0.0011572883760952652,10.982294060505875,-0.028038209237413625,0.0,-0.9266921309854155,-21.510253135239502,-0.5554479679673324,3.912526341582371,17.42514404751868,-0.3982834104420334,-0.5709917516047085,-0.10693411211320836,0.15290708712164758,-1000.0,-964.6372419451202,188.14648950147506,194.15109333313285,1000.0,1000.0,-1000.0,-1000.0,-24.379759989140165,3.1487543293250813,19.32180983683508,-10.536729789226648,0.11600000000000009
0.871151935994268,-0.7009525041370874,-0.34788957126479153,0.08766040771258166,-0.5484289264078706,0.6960246125861433,-1.58331641108796,-0.05714950118447533,-0.020868202171505965,-0.03178157767766318,-0.00016067378466159412,0.0012570230627183452,11.275663881203258,-0.027892820964437348,0.0,-0.924555771125938,-25.850566088691814,-0.0225357693581556,3.1300210732658726,10.727077698060981,-0.4023345084398926,-0.5773914883596731,-0.06489877939311839,0.09973468662307994,-1000.0,-982.705327441369,186.68274331584112,192.89640725366675,1000.0,402.2824891879755,-1000.0,-1000.0,-24.33687763144904,3.1753313012326134,18.876689964601642,-9.877138645380288,0.11700000000000009
0.8827217749753327,-0.7009761759631854,-0.34788957126479153,0.0867362711733616,-0.5786888028190698,0.6960041478803871,-1.5808123942293473,-0.052978790401932666,-0.021273644517717707,-0.032364242971659116,-0.00018714012608958498,0.0013071472004871072,11.569838981064636,-0.02367182609792806,0.0,-0.9241365392200436,-30.259876411199233,-0.020464705756282786,2.504016858612701,4.170710782542663,-0.4054423462117427,-0.5826652939959374,-0.02646634142799087,0.05012413776876201,-1000.0,-1000.0,185.03326880680126,191.6520813581689,1000.0,-221.51673260310378,-1000.0,-1000.0,-24.294036920576453,3.2022105819382047,18.602595000265925,-9.330281041525549,0.11800000000000009
0.8945658617874153,-0.700905535491321,-0.34788957126479153,0.0857758590856701,-0.6105960205779178,0.6959801842844572,-1.5788091807424571,-0.0517268192314774,-0.02166154049615009,-0.03292632155948172,-0.00012387296698771578,0.0012407717970180972,11.844086812082624,0.07064047186444,0.0,-0.9604120876914948,-31.907217758848123,-0.023963595929886283,2.0032134868901466,1.2519711704552634,-0.38789597843238255,-0.5620785878226044,0.0632671591018692,-0.06637540346901005,-1000.0,-1000.0,180.814047306465,190.43401251105595,1000.0,-672.4779108022898,-1000.0,-290.85884277145976,-24.252254440765523,3.2284039756737046,11.423519955520357,-3.276575890003467,0.11900000000000009
0.9067338129838806,-0.7009330339256937,-0.34788957126479153,0.08485991140821333,-0.6427380832056695,0.6959644584372356,-1.577206609952945,-0.05173729877375568,-0.02206933555572922,-0.03350893224088135,-0.00011797463945330534,0.001253899250694558,12.167951196465335,-0.027498434372768443,0.0,-0.9159476774567707,-32.14206262775167,-0.01572584722148429,1.6025707895121144,-0.010479542278275744,-0.4077950595791293,-0.582610681399629,0.005898327534410441,0.013127453676460732,-1000.0,-972.8522705229434,183.4310706494979,189.59313222599394,1000.0,-864.6579171108191,-1000.0,152.33708380827738,-24.235800194492793,3.232353795679852,7.7577895813753,-0.1748129895987327,0.12000000000000009
0.9192023036828537,-0.7009603827863992,-0.34788957126479153,0.08394635358371196,-0.674603029888723,0.6959521120415473,-1.5759245533213353,-0.05219503588105978,-0.022480120882021146,-0.03409765040890283,-0.000124920716397949,0.0012882632559171857,12.46849069897318,-0.027348860705437517,0.0,-0.9135578245013818,-31.86494668305349,-0.012346395688329515,1.2820566316096773,-0.457737107304105,-0.4107853262919292,-0.5887181680214795,-0.006946076944643664,0.034364005222627725,-1000.0,-974.9110323555643,179.84715941234342,187.92900464773086,1000.0,-944.4583478320034,-1000.0,314.83745049843714,-24.217211854323725,3.255253393207853,6.372476620869146,0.9893937599313798,0.1210000000000001
0.9319729138410671,-0.7009875917840124,-0.34788957126479153,0.083034917923623,-0.7060405400136925,0.6959412337472927,-1.5748989080160476,-0.05279483351524236,-0.02289400188814212,-0.03469249779227914,-0.0001295947313272846,0.001323298548743337,12.77061015821337,-0.027208997613245245,0.0,-0.911435660088955,-31.437510124969542,-0.010878294254631493,1.0256453052877461,-0.599797634182579,-0.4138810061209739,-0.5948473833763117,-0.004674014929335613,0.035035292826151476,-1000.0,-992.5105927561426,178.1537430256146,186.65229949421735,1000.0,-965.863600438701,-1000.0,372.41126620795796,-24.189457240414303,3.282123448095711,5.88107778426649,1.4048780179846294,0.1220000000000001
0.9450325602088432,-0.7009533465215664,-0.34788957126479153,0.08210065961424885,-0.737028467296102,0.695931036763731,-1.5740783917718173,-0.05342322243348709,-0.02329728647970598,-0.0352762175658021,-0.0001276741676520713,0.0013524155746422923,13.05964636777613,0.03424526244598347,0.0,-0.934258309374151,-30.987927282409547,-0.010196983561634454,0.8205162442302054,-0.6283889182447311,-0.4032845915638603,-0.583719773522958,0.001920563675213316,0.029117025898955262,-1000.0,-1000.0,174.5907330047387,185.41415650962313,1000.0,-965.8288374677746,-1000.0,391.6953451797112,-24.159704021385835,3.3089903017430085,5.745979679312379,1.5285912622168343,0.1230000000000001
0.9584131000452584,-0.7009803075491499,-0.34788957126479153,0.08119455398301079,-0.7675854568332524,0.6959211660585892,-1.5734219787764332,-0.05403726462326151,-0.02371374473491705,-0.035874891142579586,-0.00011860223202046129,0.0013740135970488428,13.380539836415164,-0.02696102758349106,0.0,-0.9061056312380629,-30.55698953715034,-0.009870705141779568,0.656412995384148,-0.6140421897744233,-0.4164582552110687,-0.598673576777486,0.009071935631610017,0.0215980224065504,-1000.0,-989.7498797198652,175.3682088844326,184.4500754121212,1000.0,-958.3421660359139,-1000.0,397.68403643428064,-24.143230425695773,3.321463636778094,5.761134782913995,1.5349935816847993,0.1240000000000001
0.9721006110715602,-0.7010071325971261,-0.34788957126479153,0.08029055041388546,-0.7977399795693284,0.6959114366753925,-1.5728968483801258,-0.0546197517916776,-0.024132954639423408,-0.03647948617057058,-0.00010303055424659803,0.001388186479459306,13.687511026301808,-0.026825047976279492,-1.7763568394002505e-15,-0.9040035691253365,-30.154522736075986,-0.009729383196736996,0.5251303963073255,-0.5824871684160868,-0.41920990450636,-0.6045950279909889,0.015571677773863257,0.014172882410463217,-1000.0,-997.2901128517286,172.21592788994244,182.9687503648143,1000.0,-948.5833739697564,-1000.0,399.51653329893577,-24.124707898376126,3.3453254407674273,5.849429417288464,1.4890563090647833,0.12500000000000008
